CASES	LEFT	NODE	RIGHT	TRANSLATION	INCLUSION	TRANSLATION_NODE	CXN_ENG	CXN_IDN	TRANSLATION_POS	VOICE_ENG	VOICE_IDN	CLAUSE_TYPE_ENG	FINITENESS_ENG	ROLE_ENG_THIEF	SYN_ENG_THIEF	LEX_ENG_THIEF	ANIMACY_ENG_THIEF	ROLE_ENG_TARGET	SYN_ENG_TARGET	LEX_ENG_TARGET	TYPE_ENG_TARGET	ANIMACY_ENG_TARGET	ROLE_ENG_GOODS	LEX_ENG_GOODS	ANIMACY_ENG_GOODS	SYN_ENG_GOODS	ROLE_IDN_THIEF	SYN_IDN_THIEF	LEX_IDN_THIEF	ANIMACY_IDN_THIEF	ROLE_IDN_TARGET	SYN_IDN_TARGET	LEX_IDN_TARGET	TYPE_IDN_TARGET	ANIMACY_IDN_TARGET	ROLE_IDN_GOODS	LEX_IDN_GOODS	ANIMACY_IDN_GOODS	SYN_IDN_GOODS	N_WORD_ENG	N_WORD_IDN
1	Because everybody else	robs	banks.	Karena orang lain merampas bank.	NA	merampas	TARGET-OBJ	TARGET-OBJ	verb	AV	AV	declarative	TRUE	TRUE	AV_gr_subj	everybody	animate	TRUE	direct_object	bank	source	inanimate	FALSE	NA	NA	NA	TRUE	AV_gr_subj	orang	animate	TRUE	direct_object	bank	source	inanimate	FALSE	NA	NA	NA	5	5
3	Mr. A always	robs	in disguise..	Mr. A selalu ngerampok dengan menyamar..	NA	ngerampok	INTR	INTR	verb	AV	AV	declarative	TRUE	TRUE	AV_gr_subj	Mr. A	animate	FALSE	NA	NA	NA	NA	FALSE	NA	NA	NA	TRUE	AV_gr_subj	Mr. A	animate	FALSE	NA	NA	NA	NA	FALSE	NA	NA	NA	6	6
6	Don't confuse that with	robbing	, which means the removal of the barrow's contents.	Jangan bingung bahwa dengan merampok, yang berarti penghapusan dari isi barrow.	NA	merampok	NOMINAL	NOMINAL	verb	NOMINAL	AV	imperative	FALSE	FALSE	NA	NA	NA	FALSE	NA	NA	NA	NA	FALSE	NA	NA	NA	FALSE	NA	NA	NA	FALSE	NA	NA	NA	NA	FALSE	NA	NA	NA	15	11
8	And you're accusing them of	robbing	?	Dan kalian menuduh mereka merampok?	NA	merampok	NOMINAL	NOMINAL	verb	NOMINAL	AV	interrogative	FALSE	TRUE	Non-SUBJ_MainClause_DO-with-PP-gerund-modif	them	animate	FALSE	NA	NA	NA	NA	FALSE	NA	NA	NA	TRUE	AV_gr_subj_in_SubCl	mereka	animate	FALSE	NA	NA	NA	NA	FALSE	NA	NA	NA	7	5
10	Well, like	robbing	a bank?	Yah, seperti merampok bank?	NA	merampok	TARGET-OBJ	TARGET-OBJ	verb	NOMINAL	AV	interrogative	FALSE	FALSE	NA	NA	NA	TRUE	direct_object	bank	source	inanimate	FALSE	NA	NA	NA	FALSE	NA	NA	NA	TRUE	direct_object	bank	source	inanimate	FALSE	NA	NA	NA	5	4
11	But there's a bit fucking difference between hearing about a bank robbery and actually	robbing	a bank.	Tapi ada sedikit perbedaan antara mendengar tentang perampokan bank dan benar-benar merampok bank.	NA	merampok	TARGET-OBJ	TARGET-OBJ	verb	NOMINAL	AV	declarative	FALSE	FALSE	NA	NA	NA	TRUE	direct_object	bank	source	inanimate	FALSE	NA	NA	NA	FALSE	NA	NA	NA	TRUE	direct_object	bank	source	inanimate	FALSE	NA	NA	NA	18	13
12	We're	robbing	a casino?	Kita akan merampok sebuah kasino?	NA	merampok	TARGET-OBJ	TARGET-OBJ	verb	AV	AV	interrogative	TRUE	TRUE	AV_gr_subj	we	animate	TRUE	direct_object	casino	source	inanimate	FALSE	NA	NA	NA	TRUE	AV_gr_subj	kita	animate	TRUE	direct_object	kasino	source	inanimate	FALSE	NA	NA	NA	5	5
13	Got sent to the rock for	robbing	a grocery store.	Dikirim untuk merampok sebuah toko kelontong.	NA	merampok	TARGET-OBJ	TARGET-OBJ	verb	NOMINAL	AV	declarative	FALSE	FALSE	NA	NA	NA	TRUE	direct_object	grocery store	source	inanimate	FALSE	NA	NA	NA	FALSE	NA	NA	NA	TRUE	direct_object	toko	source	inanimate	FALSE	NA	NA	NA	10	6
14	Bad enough you got us	robbing	a military base, now we got to worry about all these motherfucking Rambos killing our asses.	Cukup buruk kau buat kita merampok pangkalan militer, sekarang kita harus khawatirkan semua Rambo itu membunuhi kita.	NA	merampok	TARGET-OBJ	TARGET-OBJ	verb	NOMINAL	AV	declarative	FALSE	TRUE	AV_gr_subj_in_SubCl	us	animate	TRUE	direct_object	military base	source	inanimate	FALSE	NA	NA	NA	TRUE	AV_gr_subj_in_SubCl	kita	animate	TRUE	direct_object	pangkalan	source	inanimate	FALSE	NA	NA	NA	22	17
18	He was just	robbing	banks then.	Saat itu ia hanya merampok bank.	NA	merampok	TARGET-OBJ	TARGET-OBJ	verb	AV	AV	declarative	TRUE	TRUE	AV_gr_subj	he	animate	TRUE	direct_object	bank	source	inanimate	FALSE	NA	NA	NA	TRUE	AV_gr_subj	ia	animate	TRUE	direct_object	bank	source	inanimate	FALSE	NA	NA	NA	6	6
20	I think it's a miracle she's not	robbing	banks with the Symbionese Liberation Army.	Aku pikir adalah sebuah keajaiban dia tidak merampok Bank Dengan kelompok Symbionese Liberation Army.	NA	merampok	TARGET-OBJ	TARGET-OBJ	verb	AV	AV	declarative	TRUE	TRUE	AV_gr_subj	she	animate	TRUE	direct_object	bank	source	inanimate	FALSE	NA	NA	NA	TRUE	AV_gr_subj	dia	animate	TRUE	direct_object	bank	source	inanimate	FALSE	NA	NA	NA	16	14
23	And all I was doing was	robbing	Clem of whatever life she was gonna have left.	Dan yang aku lakukan adalah merampas Clem dari kehidupan apapun yang akan dia tinggalkan	NA	merampas	TARGET-OBJ	TARGET-OBJ	verb	NOMINAL	AV	declarative	FALSE	TRUE	AV_gr_subj_in_RelCl	I	animate	TRUE	direct_object	Clem	victim	animate	TRUE	life	inanimate	PP_complement	TRUE	AV_gr_subj_in_RelCl	aku	animate	TRUE	direct_object	Clem	victim	animate	TRUE	kehidupan	inanimate	PP_complement	16	14
25	Somebody's	robbing	from us?	Seseorang merampas uang kami?	NA	merampas	TARGET-PP	GOODS-OBJ	verb	AV	AV	interrogative	TRUE	TRUE	AV_gr_subj	somebody	animate	TRUE	PP_complement	us	victim	animate	FALSE	NA	NA	NA	TRUE	AV_gr_subj	seseorang	animate	TRUE	possessive_determiner	kami	victim	animate	TRUE	uang	inanimate	direct_object	5	4
26	He thinks the blockade is a figment of my imagination, and that I'm somehow deliberately	robbing	him of glory.	Dia pikir blokade adalah bagian dari imajinasi gue , dan bahwa gue entah bagaimana sengaja merampok kemuliaan .	NA	merampok	TARGET-OBJ	GOODS-OBJ	verb	AV	AV	declarative	TRUE	TRUE	AV_gr_subj	I	animate	TRUE	direct_object	him	victim	animate	TRUE	glory	inanimate	PP_complement	TRUE	AV_gr_subj	gue	animate	FALSE	direct_object	NA	NA	NA	TRUE	kemuliaan	inanimate	direct_object	20	16
29	Yo, I'm not	robbing	no banks with you guys, all right?	Yo, aku tak akan merampok bank bersama kalian, oke?	NA	merampok	TARGET-OBJ	TARGET-OBJ	verb	AV	AV	declarative	TRUE	TRUE	AV_gr_subj	I	animate	TRUE	direct_object	bank	source	inanimate	FALSE	NA	NA	NA	TRUE	AV_gr_subj	aku	animate	TRUE	direct_object	bank	source	inanimate	FALSE	NA	NA	NA	12	9
38	We	robbing	the bank.	Kami merampok bank.	NA	merampok	TARGET-OBJ	TARGET-OBJ	verb	NOMINAL	AV	declarative	FALSE	TRUE	AV_gr_subj	we	animate	TRUE	direct_object	bank	source	inanimate	FALSE	NA	NA	NA	TRUE	AV_gr_subj	kami	animate	TRUE	direct_object	bank	source	inanimate	FALSE	NA	NA	NA	4	3
47	"""""""- Are you"""	robbing	us?	"""""""- Apakah Anda merampok kami?"""	NA	merampok	TARGET-OBJ	TARGET-OBJ	verb	AV	AV	interrogative	TRUE	TRUE	AV_gr_subj	you	animate	TRUE	direct_object	us	victim	animate	FALSE	NA	NA	NA	TRUE	AV_gr_subj	Anda	animate	TRUE	direct_object	kami	victim	animate	FALSE	NA	NA	NA	4	4
48	I want the guy who's	robbing	us.	Aku menginginkan orang yg merampok kami.	NA	merampok	TARGET-OBJ	TARGET-OBJ	verb	AV	AV	declarative	TRUE	TRUE	AV_gr_subj_in_RelCl	guy	animate	TRUE	direct_object	us	victim	animate	FALSE	NA	NA	NA	TRUE	AV_gr_subj_in_RelCl	orang	animate	TRUE	direct_object	kami	victim	animate	FALSE	NA	NA	NA	8	6
53	I got	robbed	, and you need to cancel the emergency credit card.	Saya dirampok , dan Anda perlu untuk membatalkan kartu kredit darurat .	NA	dirampok	TARGET-SUBJ-PASS	TARGET-SUBJ-PASS	verb	PASS	PASS	declarative	TRUE	FALSE	NA	NA	NA	TRUE	passive_subject	I	victim	animate	FALSE	NA	NA	NA	FALSE	NA	NA	NA	TRUE	passive_subject	saya	victim	animate	FALSE	NA	NA	NA	12	10
55	And the guy you	robbed	, I know told you he was.	Dan cowok yang dirampok, Aku tahu bilang dia.	NA	dirampok	TARGET-OBJ	TARGET-SUBJ-PASS	verb	AV	PASS	declarative	TRUE	TRUE	AV_gr_subj	you	animate	TRUE	direct_object	guy	victim	animate	FALSE	NA	NA	NA	FALSE	NA	NA	NA	TRUE	passive_subject	cowok	victim	animate	FALSE	NA	NA	NA	11	8
56	You could've	robbed	, stolen, cheated.. anything.	Kau bisa saja merampok, mencuri, mencurangi.. semuanya.	NA	merampok	INTR	INTR	verb	AV	AV	declarative	TRUE	TRUE	AV_gr_subj	you	animate	FALSE	NA	NA	NA	NA	FALSE	NA	NA	NA	TRUE	AV_gr_subj	kau	animate	FALSE	NA	NA	NA	NA	FALSE	NA	NA	NA	7	7
57	The bank's been	robbed	""", the town is dry """"We'll die of thirst,"""" the people cry"""	"""Bank dirampok, kota jadi kering """"Kami mati kehausan,"""" jeritan warga"""	NA	dirampok	TARGET-SUBJ-PASS	TARGET-SUBJ-PASS	verb	PASS	PASS	declarative	TRUE	FALSE	NA	NA	NA	TRUE	passive_subject	bank	source	inanimate	FALSE	NA	NA	NA	FALSE	NA	NA	NA	TRUE	passive_subject	bank	source	inanimate	FALSE	NA	NA	NA	17	10
58	I got	robbed	!	Aku dicopet!	NA	dicopet	TARGET-SUBJ-PASS	TARGET-SUBJ-PASS	verb	PASS	PASS	declarative	TRUE	FALSE	NA	NA	NA	TRUE	passive_subject	I	victim	animate	FALSE	NA	NA	NA	FALSE	NA	NA	NA	TRUE	passive_subject	aku	victim	animate	FALSE	NA	NA	NA	3	2
60	All this happened because you were afraid you were gonna be	robbed	?	Jadi semua ini terjadi karena kau takut dirampok?	NA	dirampok	TARGET-SUBJ-PASS	TARGET-SUBJ-PASS	verb	PASS	PASS	interrogative	TRUE	FALSE	NA	NA	NA	TRUE	passive_subject	you	victim	animate	FALSE	NA	NA	NA	FALSE	NA	NA	NA	TRUE	passive_subject	kau	victim	animate	FALSE	NA	NA	NA	12	8
62	What if we can rip off that train, and no one ever knows it got	robbed	?	Bagaimana jika kita bisa rampok kereta itu, dan tidak ada yang pernah tahu pernah dirampok?	NA	dirampok	TARGET-SUBJ-PASS	TARGET-SUBJ-PASS	verb	PASS	PASS	interrogative	TRUE	FALSE	NA	NA	NA	TRUE	passive_subject	it	source	inanimate	FALSE	NA	NA	NA	FALSE	NA	NA	NA	TRUE	passive_subject	kereta	source	inanimate	FALSE	NA	NA	NA	16	15
64	When did you get	robbed	?	"""""""- Kapan kau dirampok?"""	NA	dirampok	TARGET-SUBJ-PASS	TARGET-SUBJ-PASS	verb	PASS	PASS	interrogative	TRUE	FALSE	NA	NA	NA	TRUE	passive_subject	you	victim	animate	FALSE	NA	NA	NA	FALSE	NA	NA	NA	TRUE	passive_subject	kau	victim	animate	FALSE	NA	NA	NA	5	3
66	"""""""- I got"""	robbed	.	/ Aku dirampok.	NA	dirampok	TARGET-SUBJ-PASS	TARGET-SUBJ-PASS	verb	PASS	PASS	declarative	TRUE	FALSE	NA	NA	NA	TRUE	passive_subject	I	victim	animate	FALSE	NA	NA	NA	FALSE	NA	NA	NA	TRUE	passive_subject	aku	victim	animate	FALSE	NA	NA	NA	3	2
71	Blagged,	robbed	.	Dipatil, Dirampok.	NA	dirampok	NA	NA	verb	PASS	PASS	declarative	FALSE	FALSE	NA	NA	NA	FALSE	NA	NA	NA	NA	FALSE	NA	NA	NA	FALSE	NA	NA	NA	FALSE	NA	NA	NA	NA	FALSE	NA	NA	NA	2	2
72	"""""""- You think you'll get"""	robbed	.	/ Kau panik. Kau mengira akan dirampok./ Siapa yang merampok?	NA	dirampok	TARGET-SUBJ-PASS	TARGET-SUBJ-PASS	verb	PASS	PASS	declarative	TRUE	FALSE	NA	NA	NA	TRUE	passive_subject	you	victim	animate	FALSE	NA	NA	NA	FALSE	NA	NA	NA	TRUE	passive_subject	kau	victim	animate	FALSE	NA	NA	NA	6	9
73	A bank has been	robbed	.	Bank telah dirampok.	NA	dirampok	TARGET-SUBJ-PASS	TARGET-SUBJ-PASS	verb	PASS	PASS	declarative	TRUE	FALSE	NA	NA	NA	TRUE	passive_subject	bank	source	inanimate	FALSE	NA	NA	NA	FALSE	NA	NA	NA	TRUE	passive_subject	bank	source	inanimate	FALSE	NA	NA	NA	5	3
77	Well, if you must know, I was	robbed	.	Kalau kau mau tahu, aku dirampok.	NA	dirampok	TARGET-SUBJ-PASS	TARGET-SUBJ-PASS	verb	PASS	PASS	declarative	TRUE	FALSE	NA	NA	NA	TRUE	passive_subject	I	victim	animate	FALSE	NA	NA	NA	FALSE	NA	NA	NA	TRUE	passive_subject	aku	victim	animate	FALSE	NA	NA	NA	8	6
78	"""""""-I got"""	robbed	.	"""""""- Aku dirampok."""	NA	dirampok	TARGET-SUBJ-PASS	TARGET-SUBJ-PASS	verb	PASS	PASS	declarative	TRUE	FALSE	NA	NA	NA	TRUE	passive_subject	I	victim	animate	FALSE	NA	NA	NA	FALSE	NA	NA	NA	TRUE	passive_subject	aku	victim	animate	FALSE	NA	NA	NA	3	2
79	"""""""- The bank with your money was"""	robbed	.	"""""""- Bank yang menyimpan uang mu dirampok."""	NA	dirampok	TARGET-SUBJ-PASS	TARGET-SUBJ-PASS	verb	PASS	PASS	declarative	TRUE	FALSE	NA	NA	NA	TRUE	passive_subject	bank	source	inanimate	TRUE	money	inanimate	PP_complement	FALSE	NA	NA	NA	TRUE	passive_subject	bank	source	inanimate	TRUE	uang	inanimate	direct_object_in_RelClause	7	6
80	Half the folks I talked to don't even remember being	robbed	.	Setengah orang-orang yg ku tanyakan bahkan tidak ingat dirampok.	NA	dirampok	TARGET-SUBJ-PASS	TARGET-SUBJ-PASS	verb	PASS	PASS	declarative	FALSE	FALSE	NA	NA	NA	TRUE	passive_subject	folks	victim	animate	FALSE	NA	NA	NA	FALSE	NA	NA	NA	TRUE	passive_subject	orang	victim	animate	FALSE	NA	NA	NA	12	9
82	Perhaps it is because I'm expecting to be	robbed	.	Karena aku berharap untuk dirampok.	NA	dirampok	TARGET-SUBJ-PASS	TARGET-SUBJ-PASS	verb	PASS	PASS	declarative	FALSE	FALSE	NA	NA	NA	TRUE	passive_subject	I	victim	animate	FALSE	NA	NA	NA	FALSE	NA	NA	NA	TRUE	passive_subject	aku	victim	animate	FALSE	NA	NA	NA	10	5
84	Wait one week. I got	robbed	.	Beri aku waktu seminggu, rumahku kemalingan.	NA	kemalingan	TARGET-SUBJ-PASS	TARGET-SUBJ-PASS	verb	PASS	PASS	declarative	TRUE	FALSE	NA	NA	NA	TRUE	passive_subject	I	victim	animate	FALSE	NA	NA	NA	FALSE	NA	NA	NA	TRUE	passive_subject	rumah	source	inanimate	FALSE	NA	NA	NA	6	6
85	I'm saying we were	robbed	.	Saya bilang kita dirampok.	NA	dirampok	TARGET-SUBJ-PASS	TARGET-SUBJ-PASS	verb	PASS	PASS	declarative	TRUE	FALSE	NA	NA	NA	TRUE	passive_subject	we	victim	animate	FALSE	NA	NA	NA	FALSE	NA	NA	NA	TRUE	passive_subject	kita	victim	animate	FALSE	NA	NA	NA	6	4
86	Yesterday Big Belly Burger got	robbed	.	Kemarin, Big Belly Burger dirampok.	NA	dirampok	TARGET-SUBJ-PASS	TARGET-SUBJ-PASS	verb	PASS	PASS	declarative	TRUE	FALSE	NA	NA	NA	TRUE	passive_subject	Big Belly Burger	source	inanimate	FALSE	NA	NA	NA	FALSE	NA	NA	NA	TRUE	passive_subject	Big Belly Burger	source	inanimate	FALSE	NA	NA	NA	6	5
90	We kind of got	robbed	...	Kita baru saja dirampok ...	NA	dirampok	TARGET-SUBJ-PASS	TARGET-SUBJ-PASS	verb	PASS	PASS	declarative	TRUE	FALSE	NA	NA	NA	TRUE	passive_subject	we	victim	animate	FALSE	NA	NA	NA	FALSE	NA	NA	NA	TRUE	passive_subject	kita	victim	animate	FALSE	NA	NA	NA	5	4
92	"""Listen to this. """"A pair of Mafia social clubs have been"""	robbed	~	"""Dengarkan ini. """"Sepasang Mafia klub sosial telah dirampok"""	NA	dirampok	TARGET-SUBJ-PASS	TARGET-SUBJ-PASS	verb	PASS	PASS	declarative	TRUE	FALSE	NA	NA	NA	TRUE	passive_subject	social clubs	source	inanimate	FALSE	NA	NA	NA	FALSE	NA	NA	NA	TRUE	passive_subject	klub sosial	source	inanimate	FALSE	NA	NA	NA	12	8
93	The same hour that three elderly gentlemen	robbed	2.3 million dollars from the Williamsburg Savings Bank.	Saat yang sama bahwa tiga pria tua Mereka mencuri $ 2,3 juta Williamsburg Bank Tabungan.	NA	mencuri	GOODS-OBJ	GOODS-OBJ	verb	AV	AV	declarative	TRUE	TRUE	AV_gr_subj	gentlemen	animate	TRUE	PP_complement	bank	source	inanimate	TRUE	N dollars	inanimate	direct_object	TRUE	AV_gr_subj	mereka	animate	TRUE	nominal_modifier	bank	source	inanimate	TRUE	N dollars	inanimate	direct_object	17	14
97	Two nights ago in Vegas, The Horsemen seemingly	robbed	a bank in Paris...	2 hari lalu di Vegas , Para Pesulap ini merampok bank di Paris...	NA	merampok	TARGET-OBJ	TARGET-OBJ	verb	AV	AV	declarative	TRUE	TRUE	AV_gr_subj	The Horsemen	animate	TRUE	direct_object	bank	source	inanimate	FALSE	NA	NA	NA	TRUE	AV_gr_subj	Para Pesulap	animate	TRUE	direct_object	bank	source	inanimate	FALSE	NA	NA	NA	13	12
98	Two years ago, he	robbed	a bank, popped a guard and the bank manager and walked out with two million in cash and bearer bonds.	dua tahun yang lalu, dia merampok bank, menyandra penjaga dan manager bank dan berjalan keluar dengan dua juta langsung dan surat obligasi.	NA	merampok	TARGET-OBJ	TARGET-OBJ	verb	AV	AV	declarative	TRUE	TRUE	AV_gr_subj	he	animate	TRUE	direct_object	bank	source	inanimate	FALSE	NA	NA	NA	TRUE	AV_gr_subj	dia	animate	TRUE	direct_object	bank	source	inanimate	FALSE	NA	NA	NA	25	22
99	You just	robbed	a bank!	Kau baru saja merampok bank!	NA	merampok	TARGET-OBJ	TARGET-OBJ	verb	AV	AV	declarative	TRUE	TRUE	AV_gr_subj	you	animate	TRUE	direct_object	bank	source	inanimate	FALSE	NA	NA	NA	TRUE	AV_gr_subj	kau	animate	TRUE	direct_object	bank	source	inanimate	FALSE	NA	NA	NA	5	5
103	Someone matching Cole's description just	robbed	a drugstore.	Ada yang mencocokkan deskripsi Cole yang baru saja merampok toko obat di Queens.	NA	merampok	TARGET-OBJ	TARGET-OBJ	verb	AV	AV	declarative	TRUE	TRUE	AV_gr_subj	someone	animate	TRUE	direct_object	drugstore	source	inanimate	FALSE	NA	NA	NA	TRUE	AV_gr_subj_in_RelCl	Cole	animate	TRUE	direct_object	toko	source	inanimate	FALSE	NA	NA	NA	9	13
104	I	robbed	a gas station with a toy gun.	Aku merampok SPBU dengan pistol mainan.	NA	merampok	TARGET-OBJ	TARGET-OBJ	verb	AV	AV	declarative	TRUE	TRUE	AV_gr_subj	I	animate	TRUE	direct_object	gas station	source	inanimate	FALSE	NA	NA	NA	TRUE	AV_gr_subj	aku	animate	TRUE	direct_object	SPBU	source	inanimate	FALSE	NA	NA	NA	9	6
105	They say he	robbed	a liquor store, but he didn't.	Mereka bilang dia merampok toko miras, tapi tidak.	NA	merampok	TARGET-OBJ	TARGET-OBJ	verb	AV	AV	declarative	TRUE	TRUE	AV_gr_subj	he	animate	TRUE	direct_object	liquor store	source	inanimate	FALSE	NA	NA	NA	TRUE	AV_gr_subj	dia	animate	TRUE	direct_object	toko	source	inanimate	FALSE	NA	NA	NA	11	8
106	We think he	robbed	a mail hack Tuesday down on the Poteau River.	Kami menduga dia merampok pengantar surat di Poteau River.	NA	merampok	TARGET-OBJ	TARGET-OBJ	verb	AV	AV	declarative	TRUE	TRUE	AV_gr_subj	he	animate	TRUE	direct_object	mail hack	victim	animate	FALSE	NA	NA	NA	TRUE	AV_gr_subj	dia	animate	TRUE	direct_object	pengantar surat	victim	animate	FALSE	NA	NA	NA	13	9
109	After doing time for robbery, before three years passed, he	robbed	again.	Setelah melakukan pencurian, sebelum tiga tahun berlalu, dia mencuri lagi.	NA	mencuri	INTR	INTR	verb	AV	AV	declarative	TRUE	TRUE	AV_gr_subj	he	animate	FALSE	NA	NA	NA	NA	FALSE	NA	NA	NA	TRUE	AV_gr_subj	dia	animate	FALSE	NA	NA	NA	NA	FALSE	NA	NA	NA	12	10
110	After they have	robbed	all the rich men, they will turn to the county government offices.	Setelah mereka merampok orang kaya, mereka akan beralih ke kantor-kantor pemerintah kabupaten .	NA	merampok	TARGET-OBJ	TARGET-OBJ	verb	AV	AV	declarative	TRUE	TRUE	AV_gr_subj	they	animate	TRUE	direct_object	men	victim	animate	FALSE	NA	NA	NA	TRUE	AV_gr_subj	mereka	animate	TRUE	direct_object	orang	victim	animate	FALSE	NA	NA	NA	16	12
112	My son	robbed	and killed Zeke, as you know.	Putraku merampok dan membunuh Zeke, kau tahu itu.	NA	merampok	TARGET-OBJ	TARGET-OBJ	verb	AV	AV	declarative	TRUE	TRUE	AV_gr_subj	my son	animate	TRUE	direct_object	Zeke	victim	animate	FALSE	NA	NA	NA	TRUE	AV_gr_subj	putraku	animate	TRUE	direct_object	Zeke	victim	animate	FALSE	NA	NA	NA	9	8
115	Well, all I know is there's a diner being	robbed	and your brother's in the thick of it.	aku tahu disana ada restoran ya dirampok. dan saudaramu ada didalamnya.	NA	dirampok	TARGET-SUBJ-PASS	TARGET-SUBJ-PASS	verb	PASS	PASS	declarative	FALSE	FALSE	NA	NA	NA	TRUE	passive_subject	diner	source	inanimate	FALSE	NA	NA	NA	FALSE	NA	NA	NA	TRUE	passive_subject	restoran	source	inanimate	FALSE	NA	NA	NA	20	11
120	You	robbed	her? We realized our mistake, and we returned her necklace.	Kau merampoknya? jadi kami sudah kembalikan kalungnya.	NA	merampok	TARGET-OBJ	TARGET-OBJ	verb	AV	AV	interrogative	TRUE	TRUE	AV_gr_subj	you	animate	TRUE	direct_object	her	victim	animate	FALSE	NA	NA	NA	TRUE	AV_gr_subj	kau	animate	TRUE	encliticised_direct_object	-nya	victim	animate	FALSE	NA	NA	NA	12	7
121	I'm being	robbed	here!	Aku dirampok disini!	NA	dirampok	TARGET-SUBJ-PASS	TARGET-SUBJ-PASS	verb	PASS	PASS	declarative	TRUE	FALSE	NA	NA	NA	TRUE	passive_subject	I	victim	animate	FALSE	NA	NA	NA	FALSE	NA	NA	NA	TRUE	passive_subject	aku	victim	animate	FALSE	NA	NA	NA	5	3
122	Look, instead he's dead, and someone	robbed	him of what's ours... much better.	Tapi dia mati dan ada yang merampok... benda milik kita, itu jauh lebih baik.	NA	merampok	TARGET-OBJ	GOODS-OBJ	verb	AV	AV	declarative	TRUE	TRUE	AV_gr_subj	someone	animate	TRUE	direct_object	him	victim	animate	TRUE	what's ours	inanimate	PP_complement	TRUE	AV_gr_subj_in_RelCl	yang	animate	TRUE	possessive_determiner	kita	victim	animate	TRUE	benda	inanimate	direct_object	15	14
123	Rivals	robbed	his bank last year.	Saingannya mencuri uangnya tahun lalu.	NA	mencuri	TARGET-OBJ	GOODS-OBJ	verb	AV	AV	declarative	TRUE	TRUE	AV_gr_subj	rivals	animate	TRUE	direct_object	bank	source	inanimate	FALSE	NA	NA	NA	TRUE	AV_gr_subj	saingannya	animate	TRUE	possessive_determiner	-nya	victim	animate	TRUE	uang	inanimate	direct_object	6	5
124	We	robbed	his banks and were hunted as outlaws.	{f: Verdana{s:24}{c:$FFFFFF}Mereka merampok Bank mereka, {f:	NA	merampok	TARGET-OBJ	TARGET-OBJ	verb	AV	AV	declarative	TRUE	TRUE	AV_gr_subj	we	animate	TRUE	direct_object	bank	source	inanimate	FALSE	NA	NA	NA	TRUE	AV_gr_subj	mereka	animate	TRUE	direct_object	bank	source	inanimate	FALSE	NA	NA	NA	9	6
127	Exactly! I feel like I'm watching myself get	robbed	in broad daylight!	Aku merasa kerampokan di depan mataku sendiri di siang bolong!	NA	kerampokan	TARGET-SUBJ-PASS	TARGET-SUBJ-PASS	verb	PASS	PASS	declarative	FALSE	FALSE	NA	NA	NA	TRUE	passive_subject	I	victim	animate	FALSE	NA	NA	NA	FALSE	NA	NA	NA	TRUE	passive_subject	aku	victim	animate	FALSE	NA	NA	NA	13	10
133	You forget they	robbed	me of mine.	Kau lupa mereka mengambil pikiranku.	NA	mengambil	TARGET-OBJ	GOODS-OBJ	verb	AV	AV	declarative	TRUE	TRUE	AV_gr_subj	they	animate	TRUE	direct_object	me	victim	animate	TRUE	mine	inanimate	PP_complement	TRUE	AV_gr_subj	mereka	animate	TRUE	possessive_determiner	-ku	victim	animate	TRUE	pikiran	inanimate	direct_object	7	5
134	Vronsky has	robbed	me of my cloak and I will give him my coat.	Vronsky telah merampas jubahku, Aku akan memberinya mantel.	NA	merampas	TARGET-OBJ	GOODS-OBJ	verb	AV	AV	declarative	TRUE	TRUE	AV_gr_subj	Vronsky	animate	TRUE	direct_object	me	victim	animate	TRUE	cloak	inanimate	PP_complement	TRUE	AV_gr_subj	Vronsky	animate	TRUE	possessive_determiner	-ku	victim	animate	TRUE	jubah	inanimate	direct_object	14	8
137	"""""""- You"""	robbed	me of my prime.	"""""""- Anda merampok saya."""	NA	merampok	TARGET-OBJ	TARGET-OBJ	verb	AV	AV	declarative	TRUE	TRUE	AV_gr_subj	you	animate	TRUE	direct_object	me	victim	animate	TRUE	prime	inanimate	PP_complement	TRUE	AV_gr_subj	Anda	animate	TRUE	direct_object	saya	victim	animate	FALSE	NA	NA	NA	6	3
142	That's two women who	robbed	me. Where is she?	Berarti dua wanita yang merampokku.	NA	merampok	TARGET-OBJ	TARGET-OBJ	verb	AV	AV	interrogative	TRUE	TRUE	AV_gr_subj_in_RelCl	women	animate	TRUE	direct_object	me	victim	animate	FALSE	NA	NA	NA	TRUE	AV_gr_subj_in_RelCl	wanita	animate	TRUE	encliticised_direct_object	-ku	victim	animate	FALSE	NA	NA	NA	10	5
147	Emergency announcement: The 6 criminals who	robbed	nova bank were involved in a standoff with police and arrested. 2 were killed.	Pengumuman Darurat, 6 penjahat yang merampok Bank Nova terlibat dalam pertikaian dengan polisi dan ditangkap. 2 tewas.	NA	merampok	TARGET-OBJ	TARGET-OBJ	verb	AV	AV	declarative	TRUE	TRUE	AV_gr_subj_in_RelCl	criminals	animate	TRUE	direct_object	bank	source	inanimate	FALSE	NA	NA	NA	TRUE	AV_gr_subj_in_RelCl	penjahat	animate	TRUE	direct_object	bank	source	inanimate	FALSE	NA	NA	NA	21	17
151	We're like kids	robbed	of our own country.	Kita seperti anak-anak dirampok negara kita sendiri.	NA	dirampok	TARGET-SUBJ-PASS	TARGET-SUBJ-PASS	verb	PASS	PASS	declarative	TRUE	FALSE	NA	NA	NA	TRUE	passive_subject	kids	victim	animate	TRUE	country	inanimate	PP_complement	TRUE	NA	negara	inanimate	TRUE	passive_subject	anak-anak	victim	animate	FALSE	NA	NA	NA	9	7
152	Or because he just got	robbed	of two million dollars at gunpoint.	Atau karena ia baru saja dirampok dua juta dolar di bawah todongan senjata.	NA	dirampok	TARGET-SUBJ-PASS	TARGET-SUBJ-PASS	verb	PASS	PASS	declarative	TRUE	FALSE	NA	NA	NA	TRUE	passive_subject	he	victim	animate	TRUE	N dollars	inanimate	PP_complement	FALSE	NA	NA	NA	TRUE	passive_subject	ia	victim	animate	TRUE	N dollars	inanimate	oblique	12	13
156	Something Sonia Bern kept in the bank that was	robbed	over the weekend.	Sesuatu Sonia Bern disimpan di bank yang dirampok selama akhir pekan.	NA	dirampok	TARGET-SUBJ-PASS	TARGET-SUBJ-PASS	verb	PASS	PASS	declarative	TRUE	FALSE	NA	NA	NA	TRUE	passive_subject	bank	source	inanimate	FALSE	NA	NA	NA	FALSE	NA	NA	NA	TRUE	passive_subject	bank	source	inanimate	FALSE	NA	NA	NA	13	11
157	Then you should've thought about that before you	robbed	people!	Seharusnya kau memikirkan itu sebelum kau merampok orang lain!	NA	merampok	TARGET-OBJ	TARGET-OBJ	verb	AV	AV	declarative	TRUE	TRUE	AV_gr_subj	you	animate	TRUE	direct_object	people	victim	animate	FALSE	NA	NA	NA	TRUE	AV_gr_subj	kau	animate	TRUE	direct_object	orang	victim	animate	FALSE	NA	NA	NA	11	9
158	A jewelry factory was	robbed	Repeated rumors live shots	Sebuah pabrik perhiasan dirampok rumor berulang hidup tembakan	NA	dirampok	TARGET-SUBJ-PASS	TARGET-SUBJ-PASS	verb	PASS	PASS	declarative	TRUE	FALSE	NA	NA	NA	TRUE	passive_subject	factory	source	inanimate	FALSE	NA	NA	NA	FALSE	NA	NA	NA	TRUE	passive_subject	pabrik	source	inanimate	FALSE	NA	NA	NA	9	8
159	Some coincidence, I mean, you asking to have your party here, and Hunt getting	robbed	right next door and by the same guy who rescued us at the warehouse.	Sungguh kebetulan, Maksudku, kau minta pestanya diadakan di sini. Dan Hunt dirampok tepat di seberang kita oleh orang yang sama yang menyelamatkan kita.	NA	dirampok	TARGET-SUBJ-PASS	TARGET-SUBJ-PASS	verb	PASS	PASS	declarative	TRUE	TRUE	passive_AGENT	guy	animate	TRUE	passive_subject	Hunt	victim	animate	FALSE	NA	NA	NA	TRUE	passive_AGENT	orang	animate	TRUE	passive_subject	Hunt	victim	animate	FALSE	NA	NA	NA	29	23
162	Somebody done	robbed	that bank before we robbed it.	Ada orang yang merampok bank itu sebelum kami merampoknya.	NA	merampok	TARGET-OBJ	TARGET-OBJ	verb	AV	AV	declarative	TRUE	TRUE	AV_gr_subj	somebody	animate	TRUE	direct_object	bank	source	inanimate	FALSE	NA	NA	NA	TRUE	AV_gr_subj	orang	animate	TRUE	direct_object	bank	source	inanimate	FALSE	NA	NA	NA	9	9
167	"""""""- I"""	robbed	the Bank of England.	"""""""- Aku yang mencuri Bank Inggris."""	NA	mencuri	TARGET-OBJ	TARGET-OBJ	verb	AV	AV	declarative	TRUE	TRUE	AV_gr_subj	I	animate	TRUE	direct_object	bank	source	inanimate	FALSE	NA	NA	NA	TRUE	AV_gr_subj	aku	animate	TRUE	direct_object	bank	source	inanimate	FALSE	NA	NA	NA	6	5
170	I did get	robbed	the other day.	Aku juga hampir dirampok beberapa hari lalu.	NA	dirampok	TARGET-SUBJ-PASS	TARGET-SUBJ-PASS	verb	PASS	PASS	declarative	TRUE	FALSE	NA	NA	NA	TRUE	passive_subject	I	victim	animate	FALSE	NA	NA	NA	FALSE	NA	NA	NA	TRUE	passive_subject	aku	victim	animate	FALSE	NA	NA	NA	7	7
173	Fucking	robbed	the store for sixty some odd dollars.	Merampok toko demi 60 dolar.	NA	merampok	TARGET-OBJ	TARGET-OBJ	verb	AV	AV	declarative	TRUE	FALSE	NA	NA	NA	TRUE	direct_object	store	source	inanimate	TRUE	N dollars	inanimate	PP_complement	FALSE	NA	NA	NA	TRUE	direct_object	toko	source	inanimate	TRUE	N dollars	inanimate	PP_complement	9	5
174	She thought they had just	robbed	the store.	Dia kira mereka perampok toko itu.	NA	perampok	TARGET-OBJ	NOM-MODIFIER	noun	AV	NOMINAL	declarative	TRUE	TRUE	AV_gr_subj	they	animate	TRUE	direct_object	store	source	inanimate	FALSE	NA	NA	NA	TRUE	AV_gr_subj	mereka	animate	TRUE	nominal_modifier	toko	source	inanimate	FALSE	NA	NA	NA	8	6
176	They	robbed	the vault.	Mereka merampok lemari besi.	NA	merampok	TARGET-OBJ	TARGET-OBJ	verb	AV	AV	declarative	TRUE	TRUE	AV_gr_subj	they	animate	TRUE	direct_object	vault	source	inanimate	FALSE	NA	NA	NA	TRUE	AV_gr_subj	mereka	animate	TRUE	direct_object	lemari besi	source	inanimate	FALSE	NA	NA	NA	4	4
177	All I know is Briggs	robbed	the wrong store.	Yang kutahu adalah Briggs merampok toko yang salah.	NA	merampok	TARGET-OBJ	TARGET-OBJ	verb	AV	AV	declarative	TRUE	TRUE	AV_gr_subj	Briggs	animate	TRUE	direct_object	store	source	inanimate	FALSE	NA	NA	NA	TRUE	AV_gr_subj	Briggs	animate	TRUE	direct_object	toko	source	inanimate	FALSE	NA	NA	NA	9	8
178	He	robbed	them banks because he liked it.	Dia merampok bank karena dia menyukainya.	NA	merampok	TARGET-OBJ	TARGET-OBJ	verb	AV	AV	declarative	TRUE	TRUE	AV_gr_subj	he	animate	TRUE	direct_object	bank	source	inanimate	FALSE	NA	NA	NA	TRUE	AV_gr_subj	dia	animate	TRUE	direct_object	bank	source	inanimate	FALSE	NA	NA	NA	8	6
179	"""""""- You"""	robbed	Tres Cruces?	Kau merampok Tres Cruces ?	NA	merampok	TARGET-OBJ	TARGET-OBJ	verb	AV	AV	interrogative	TRUE	TRUE	AV_gr_subj	you	animate	TRUE	direct_object	Tres Cruces	source	inanimate	FALSE	NA	NA	NA	TRUE	AV_gr_subj	kau	animate	TRUE	direct_object	Tres Cruces	source	inanimate	FALSE	NA	NA	NA	4	4
181	During which time the Ex-Presidents... have	robbed	two more banks!	Selama itu Mantan Presiden... merampok dua bank lagi!	NA	merampok	TARGET-OBJ	TARGET-OBJ	verb	AV	AV	declarative	TRUE	TRUE	AV_gr_subj	Ex-Presidents	animate	TRUE	direct_object	bank	source	inanimate	FALSE	NA	NA	NA	TRUE	AV_gr_subj	mantan presiden	animate	TRUE	direct_object	bank	source	inanimate	FALSE	NA	NA	NA	10	8
184	Once everyone knows that Jesse Pinkman drug lord, can be	robbed	with impunity.	"""Sekali orang dengar """"Jesse Pinkman Dewa Drugs, bisa dirampok dengan leluasa."""""""	NA	dirampok	TARGET-SUBJ-PASS	TARGET-SUBJ-PASS	verb	PASS	PASS	declarative	TRUE	FALSE	NA	NA	NA	TRUE	passive_subject	Jesse Pinkman	victim	animate	FALSE	NA	NA	NA	FALSE	NA	NA	NA	TRUE	passive_subject	Jesse Pinkman	victim	animate	FALSE	NA	NA	NA	13	11
187	I never	robbed	you!	Tapi aku tidak pernah merampokmu!	NA	merampok	TARGET-OBJ	TARGET-OBJ	verb	AV	AV	declarative	TRUE	TRUE	AV_gr_subj	I	animate	TRUE	direct_object	you	victim	animate	FALSE	NA	NA	NA	TRUE	AV_gr_subj	aku	animate	TRUE	encliticised_direct_object	-mu	victim	animate	FALSE	NA	NA	NA	4	5
192	I'll tell you who	robbed	your bookies.	Akan kuberitahu siapa yang merampok rumah taruhan kalian.	NA	merampok	TARGET-OBJ	TARGET-OBJ	verb	AV	AV	declarative	TRUE	FALSE	NA	NA	NA	TRUE	direct_object	bookies	source	inanimate	FALSE	NA	NA	NA	FALSE	NA	NA	NA	TRUE	direct_object	rumah taruhan	source	inanimate	FALSE	NA	NA	NA	8	8
195	And out of everyone you could have picked to	rob	, you pick me.	Dan dari ke semua orang itu, kau merampokku.	NA	merampok	INTR	TARGET-OBJ	verb	AV	AV	declarative	FALSE	TRUE	AV_gr_subj	you	animate	FALSE	NA	NA	NA	NA	FALSE	NA	NA	NA	TRUE	AV_gr_subj	kau	animate	TRUE	encliticised_direct_object	-ku	victim	animate	FALSE	NA	NA	NA	13	8
197	Now who here has a bank they would like us to	rob	?	Siapa pemilik bank di sini yang banknya ingin kami rampok?	NA	rampok	TARGET-OBJ	TARGET-SUBJ-PASS	verb	AV	OV	interrogative	FALSE	TRUE	AV_gr_subj_in_SubCl	us	animate	TRUE	direct_object	bank	source	inanimate	FALSE	NA	NA	NA	TRUE	OV_logical_subj	kami	animate	TRUE	OV_gr_subj	bank	source	inanimate	FALSE	NA	NA	NA	12	10
198	Is there any more good places we can	rob	?	Apa ada tempat yang lebih baik kami dapat merampok?	NA	merampok	TARGET-OBJ	TARGET-SUBJ-PASS	verb	AV	OV	interrogative	TRUE	TRUE	AV_gr_subj	we	animate	TRUE	direct_object	place	source	inanimate	FALSE	NA	NA	NA	TRUE	OV_logical_subj	kami	animate	TRUE	OV_gr_subj	tempat	source	inanimate	FALSE	NA	NA	NA	9	9
199	Why did you	rob	? Tell me?	Kenapa kau merampok?	NA	merampok	INTR	INTR	verb	AV	AV	interrogative	TRUE	TRUE	AV_gr_subj	you	animate	FALSE	NA	NA	NA	NA	FALSE	NA	NA	NA	TRUE	AV_gr_subj	kau	animate	FALSE	NA	NA	NA	NA	FALSE	NA	NA	NA	6	3
200	I saw you holding a gun and ready to	rob	.	Aku lihat kau pegang senjata dan sedia merampok.	NA	merampok	INTR	INTR	verb	AV	AV	declarative	FALSE	TRUE	AV_gr_subj	you	animate	FALSE	NA	NA	NA	NA	FALSE	NA	NA	NA	TRUE	AV_gr_subj	kau	animate	FALSE	NA	NA	NA	NA	FALSE	NA	NA	NA	10	8
202	Typical stop and	rob	.	Perampokan yang khas, berhenti dan merampok.	NA	merampok	NOMINAL	NOMINAL	verb	NOMINAL	AV	declarative	FALSE	FALSE	NA	NA	NA	FALSE	NA	NA	NA	NA	FALSE	NA	NA	NA	FALSE	NA	NA	NA	FALSE	NA	NA	NA	NA	FALSE	NA	NA	NA	4	6
206	"""""""- You want to"""	rob	'em?	Kau ingin merampok mereka?	NA	merampok	TARGET-OBJ	TARGET-OBJ	verb	AV	AV	interrogative	FALSE	TRUE	AV_gr_subj	you	animate	TRUE	direct_object	'em	victim	animate	FALSE	NA	NA	NA	TRUE	AV_gr_subj	kau	animate	TRUE	direct_object	mereka	victim	animate	FALSE	NA	NA	NA	5	4
208	If we got pistols, we can	rob	~	Jika adalah pistol masih bisa digunakan 'tuk merampok	NA	merampok	INTR	INTR	verb	AV	AV	declarative	FALSE	TRUE	AV_gr_subj	we	animate	FALSE	NA	NA	NA	NA	FALSE	NA	NA	NA	FALSE	NA	NA	NA	FALSE	NA	NA	NA	NA	FALSE	NA	NA	NA	7	8
211	Should we	rob	a bank or a supermarket? Bullshit.	Haruskah kita merampok bank atau supermarket?	NA	merampok	TARGET-OBJ	TARGET-OBJ	verb	AV	AV	interrogative	TRUE	TRUE	AV_gr_subj	we	animate	TRUE	direct_object	bank_or_supermarket	source	inanimate	FALSE	NA	NA	NA	TRUE	AV_gr_subj	kita	animate	TRUE	direct_object	bank_atau_supermarket	source	inanimate	FALSE	NA	NA	NA	9	6
214	"""""""Give a man a gun and he can"""	rob	"""a bank, but give a man a bank, and he can rob the world."""""""	"""""""Berikan seorang pria senjata maka ia bisa merampok sebuah bank, tapi memberikan seorang pria bank, maka dia bisa merampok seisi dunia."""""""	NA	merampok	TARGET-OBJ	TARGET-OBJ	verb	AV	AV	declarative	TRUE	TRUE	AV_gr_subj	he	animate	TRUE	direct_object	bank	source	inanimate	FALSE	NA	NA	NA	TRUE	AV_gr_subj	ia	animate	TRUE	direct_object	bank	source	inanimate	FALSE	NA	NA	NA	23	21
215	If you're gonna	rob	a bank, Frankie... You fucking go in, you empty the tills, then you run out, you fucking drive like fuck.	Jika kau merampok bank, Frankie... kau masuk kesana, kau kuras brankasnya, lalu kau melarikan diri dan menyetir seperti kesetanan.	NA	merampok	TARGET-OBJ	TARGET-OBJ	verb	AV	AV	declarative	TRUE	TRUE	AV_gr_subj	you	animate	TRUE	direct_object	bank	source	inanimate	FALSE	NA	NA	NA	TRUE	AV_gr_subj	kau	animate	TRUE	direct_object	bank	source	inanimate	FALSE	NA	NA	NA	25	19
216	If I'm going to	rob	a bank, I'm going to do it properly.	Jika saya akan merampok bank, Saya akan melakukannya dengan benar.	NA	merampok	TARGET-OBJ	TARGET-OBJ	verb	AV	AV	declarative	TRUE	TRUE	AV_gr_subj	I	animate	TRUE	direct_object	bank	source	inanimate	FALSE	NA	NA	NA	TRUE	AV_gr_subj	saya	animate	TRUE	direct_object	bank	source	inanimate	FALSE	NA	NA	NA	15	10
217	Holy crap, what, did you	rob	a bank?	Astaga, apa kau merampok bank?	NA	merampok	TARGET-OBJ	TARGET-OBJ	verb	AV	AV	interrogative	TRUE	TRUE	AV_gr_subj	you	animate	TRUE	direct_object	bank	source	inanimate	FALSE	NA	NA	NA	TRUE	AV_gr_subj	kau	animate	TRUE	direct_object	bank	source	inanimate	FALSE	NA	NA	NA	8	5
218	What did you two,	rob	a bank?	Apa pekerjaan kalian, merampok bank?	NA	merampok	TARGET-OBJ	TARGET-OBJ	verb	AV	AV	interrogative	FALSE	TRUE	AV_gr_subj	you	animate	TRUE	direct_object	bank	source	inanimate	FALSE	NA	NA	NA	TRUE	NA	kalian	animate	TRUE	direct_object	bank	source	inanimate	FALSE	NA	NA	NA	7	5
220	Why would a brilliant structural engineer	rob	a bank?	Mengapa sarjana pembangunan yg pintar merampok bank?	NA	merampok	TARGET-OBJ	TARGET-OBJ	verb	AV	AV	interrogative	TRUE	TRUE	AV_gr_subj	engineer	animate	TRUE	direct_object	bank	source	inanimate	FALSE	NA	NA	NA	TRUE	AV_gr_subj_in_RelCl	sarjana	animate	TRUE	direct_object	bank	source	inanimate	FALSE	NA	NA	NA	9	7
224	"""""""I could"""	rob	a bank.	"""""""Saya bisa merampok bank."""	NA	merampok	TARGET-OBJ	TARGET-OBJ	verb	AV	AV	declarative	TRUE	TRUE	AV_gr_subj	I	animate	TRUE	direct_object	bank	source	inanimate	FALSE	NA	NA	NA	TRUE	AV_gr_subj	saya	animate	TRUE	direct_object	bank	source	inanimate	FALSE	NA	NA	NA	5	4
225	What I'd like to know is how you	rob	a bank... without opening any doors.	Yang aku ingin tahu bagaimana kamu bisa merampok bank... tanpa membuka pintu.	NA	merampok	TARGET-OBJ	TARGET-OBJ	verb	AV	AV	declarative	TRUE	TRUE	AV_gr_subj	you	animate	TRUE	direct_object	bank	source	inanimate	FALSE	NA	NA	NA	TRUE	AV_gr_subj	kamu	animate	TRUE	direct_object	bank	source	inanimate	FALSE	NA	NA	NA	16	12
226	It's kind of fuck up to	rob	a blind guy, isn't it?	Kita mencuri di rumah orang buta?	NA	mencuri	TARGET-OBJ	INTR	verb	AV	AV	declarative	FALSE	FALSE	NA	NA	NA	TRUE	direct_object	guy	victim	animate	FALSE	NA	NA	NA	TRUE	AV_gr_subj	kita	animate	TRUE	possessive_determiner	orang	victim	animate	FALSE	NA	NA	NA	14	6
227	The truck, it was just used to	rob	a blood bank.	Truknya, Baru saja dipakai untuk mencuri di Bank Darah.	NA	mencuri	TARGET-OBJ	INTR	verb	AV	AV	declarative	FALSE	FALSE	NA	NA	NA	TRUE	direct_object	bank	source	inanimate	FALSE	NA	NA	NA	FALSE	NA	NA	NA	TRUE	pp_complement	bank	source	inanimate	FALSE	NA	NA	NA	11	9
229	I traveled all the way across the country to	rob	a goddamn charity?	Aku berjalan mengelilingi kota untuk merampok badan amal?	NA	merampok	TARGET-OBJ	TARGET-OBJ	verb	AV	AV	interrogative	FALSE	TRUE	AV_gr_subj	I	animate	TRUE	direct_object	charity	source	inanimate	FALSE	NA	NA	NA	TRUE	AV_gr_subj	aku	animate	TRUE	direct_object	badan amal	source	inanimate	FALSE	NA	NA	NA	13	8
230	Don't	rob	a motherfucking bank without a motherfucking mask.	Jangan merampok bank, sialaan tanpa masker, sialan	NA	merampok	TARGET-OBJ	TARGET-OBJ	verb	AV	AV	imperative	FALSE	FALSE	NA	NA	NA	TRUE	direct_object	bank	source	inanimate	FALSE	NA	NA	NA	FALSE	NA	NA	NA	TRUE	direct_object	bank	source	inanimate	FALSE	NA	NA	NA	10	7
233	Well, generally I	rob	balconies.	Nah, biasanya aku merampok balkon.	NA	merampok	TARGET-OBJ	TARGET-OBJ	verb	AV	AV	declarative	TRUE	TRUE	AV_gr_subj	I	animate	TRUE	direct_object	balconies	source	inanimate	FALSE	NA	NA	NA	TRUE	AV_gr_subj	aku	animate	TRUE	direct_object	balkon	source	inanimate	FALSE	NA	NA	NA	5	5
235	I don't	rob	banks.	Aku tidak merampok bank.	NA	merampok	TARGET-OBJ	TARGET-OBJ	verb	AV	AV	declarative	TRUE	TRUE	AV_gr_subj	I	animate	TRUE	direct_object	bank	source	inanimate	FALSE	NA	NA	NA	TRUE	AV_gr_subj	aku	animate	TRUE	direct_object	bank	source	inanimate	FALSE	NA	NA	NA	5	4
236	So you	rob	banks. That's impressive. What?	Jadi... .. Anda merampok bank.	NA	merampok	TARGET-OBJ	TARGET-OBJ	verb	AV	AV	declarative	TRUE	TRUE	AV_gr_subj	you	animate	TRUE	direct_object	bank	source	inanimate	FALSE	NA	NA	NA	TRUE	AV_gr_subj	Anda	animate	TRUE	direct_object	bank	source	inanimate	FALSE	NA	NA	NA	8	4
238	I spent spent many years learning how to	rob	from magicians.	Aku menghabiskan bertahun-tahun belajar cara mencuri dari penyihir.	NA	mencuri	INTR	INTR	verb	AV	AV	declarative	FALSE	TRUE	AV_gr_subj	I	animate	FALSE	NA	NA	NA	NA	FALSE	NA	NA	NA	TRUE	AV_gr_subj	aku	animate	FALSE	NA	NA	NA	NA	FALSE	NA	NA	NA	11	8
240	"""""""- We"""	rob	her advantage.	"""""""- Kami merampok keuntungan-nya."""	NA	merampok	GOODS-OBJ	GOODS-OBJ	verb	AV	AV	declarative	TRUE	TRUE	AV_gr_subj	we	animate	TRUE	possessive_determiner	her	victim	animate	TRUE	advantage	inanimate	direct_object	TRUE	AV_gr_subj	kami	animate	TRUE	possessive_determiner	-nya	victim	animate	TRUE	keuntungan	inanimate	direct_object	4	3
242	Why don't we break into his home,	rob	"""him, and murder him?"""""""	"""Mengapa kita tidak masuk ke nya rumah, merampok dia, dan membunuhnya? """""""	NA	merampok	TARGET-OBJ	TARGET-OBJ	verb	AV	AV	interrogative	TRUE	TRUE	AV_gr_subj	we	animate	TRUE	direct_object	him	victim	animate	FALSE	NA	NA	NA	TRUE	AV_gr_subj	kita	animate	TRUE	direct_object	dia	victim	animate	FALSE	NA	NA	NA	13	11
244	He's afraid a thief will	rob	his house.	Dia adalah ketakutan satu pencuri akan merampok rumah nya.	NA	merampok	TARGET-OBJ	TARGET-OBJ	verb	AV	AV	declarative	TRUE	TRUE	AV_gr_subj	thief	animate	TRUE	direct_object	house	source	inanimate	FALSE	NA	NA	NA	TRUE	AV_gr_subj	pencuri	animate	TRUE	direct_object	rumah	source	inanimate	FALSE	NA	NA	NA	9	9
247	They're all looking to	rob	me blind 24 hours a day.	Mereka mencoba merampok ku selama 24 jam dalam sehari.	NA	merampok	TARGET-OBJ	TARGET-OBJ	verb	AV	AV	declarative	FALSE	TRUE	AV_gr_subj	they	animate	TRUE	direct_object	me	victim	animate	FALSE	NA	NA	NA	TRUE	AV_gr_subj	mereka	animate	TRUE	encliticised_direct_object	-ku	victim	animate	FALSE	NA	NA	NA	12	9
248	You could	rob	me blind.	Kau bisa merampokku habis-habisan.	NA	merampok	TARGET-OBJ	TARGET-OBJ	verb	AV	AV	declarative	TRUE	TRUE	AV_gr_subj	you	animate	TRUE	direct_object	me	victim	animate	FALSE	NA	NA	NA	TRUE	AV_gr_subj	kau	animate	TRUE	encliticised_direct_object	-ku	victim	animate	FALSE	NA	NA	NA	5	4
249	You are trying to	rob	me blind.	Kau mencoba merampokku?	NA	merampok	TARGET-OBJ	TARGET-OBJ	verb	AV	AV	declarative	FALSE	TRUE	AV_gr_subj	you	animate	TRUE	direct_object	me	victim	animate	FALSE	NA	NA	NA	TRUE	AV_gr_subj	kau	animate	TRUE	encliticised_direct_object	-ku	victim	animate	FALSE	NA	NA	NA	7	3
250	So not only do they	rob	me of the Fields Medal, now they put me on the cover of Fortune magazine... with these hacks, these scholars of trivia.	Jadi tidak hanya mereka merampokku dari Bidang Medali, sekarang mereka menempatkanku pada sampul majalah Fortune... bersama para penulis sewaan ini, para sarjana yang sepele.	NA	merampok	TARGET-OBJ	TARGET-OBJ	verb	AV	AV	declarative	TRUE	TRUE	AV_gr_subj	they	animate	TRUE	direct_object	me	victim	animate	TRUE	Fields Medal	inanimate	PP_complement	TRUE	AV_gr_subj	mereka	animate	TRUE	encliticised_direct_object	-ku	victim	animate	TRUE	Bidang Medali	inanimate	PP_complement	28	24
251	You can	rob	me you can starve me, you can beat me, and you can kill me just don't bore me.	Kau bisa merampokku membuatku lapar, memukulku, dan membunuhku tapi jangan membuatku bosan.	NA	merampok	TARGET-OBJ	TARGET-OBJ	verb	AV	AV	declarative	TRUE	TRUE	AV_gr_subj	you	animate	TRUE	direct_object	me	victim	animate	FALSE	NA	NA	NA	TRUE	AV_gr_subj	kau	animate	TRUE	encliticised_direct_object	-ku	victim	animate	FALSE	NA	NA	NA	22	12
259	We don't	rob	people.	Kami tidak merampok orang.	NA	merampok	TARGET-OBJ	TARGET-OBJ	verb	AV	AV	declarative	TRUE	TRUE	AV_gr_subj	we	animate	TRUE	direct_object	people	victim	animate	FALSE	NA	NA	NA	TRUE	AV_gr_subj	kami	animate	TRUE	direct_object	orang	victim	animate	FALSE	NA	NA	NA	5	4
260	We are gonna break into saint D's and	rob	Popper.	Mari kita istirahat di Santa D dan mencuri Popper,	NA	mencuri	TARGET-OBJ	TARGET-OBJ	verb	AV	AV	declarative	TRUE	TRUE	AV_gr_subj	we	animate	TRUE	direct_object	Popper	source	inanimate	FALSE	NA	NA	NA	TRUE	AV_gr_subj	kita	animate	TRUE	direct_object	Popper	source	inanimate	FALSE	NA	NA	NA	11	9
264	Close to El Paso is a town, Santa Cruz. Tomorrow Blackey, Chico, Paco... you, amigo will	rob	the bank in Santa Cruz.	Besok, Blackie, Chico, Paco... dan kau, kawan... akan merampok Bank di Santa Cruz.	NA	merampok	TARGET-OBJ	TARGET-OBJ	verb	AV	AV	declarative	TRUE	TRUE	AV_gr_subj	you	animate	TRUE	direct_object	bank	source	inanimate	FALSE	NA	NA	NA	TRUE	AV_gr_subj	kau	animate	TRUE	direct_object	bank	source	inanimate	FALSE	NA	NA	NA	22	13
265	I'll	rob	the bank with you.	Aku akan merampok bank denganmu.	NA	merampok	TARGET-OBJ	TARGET-OBJ	verb	AV	AV	declarative	TRUE	TRUE	AV_gr_subj	I	animate	TRUE	direct_object	bank	source	inanimate	FALSE	NA	NA	NA	TRUE	AV_gr_subj	aku	animate	TRUE	direct_object	bank	source	inanimate	FALSE	NA	NA	NA	7	5
266	Why don't you	rob	the bank?	Kenapa kau tak merampok Bank saja?	NA	merampok	TARGET-OBJ	TARGET-OBJ	verb	AV	AV	interrogative	TRUE	TRUE	AV_gr_subj	you	animate	TRUE	direct_object	bank	source	inanimate	FALSE	NA	NA	NA	TRUE	AV_gr_subj	kau	animate	TRUE	direct_object	bank	source	inanimate	FALSE	NA	NA	NA	7	6
267	I said they didn't	rob	the bank.	Aku bilang mereka tidak merampok bank.	NA	merampok	TARGET-OBJ	TARGET-OBJ	verb	AV	AV	declarative	TRUE	TRUE	AV_gr_subj	they	animate	TRUE	direct_object	bank	source	inanimate	FALSE	NA	NA	NA	TRUE	AV_gr_subj	mereka	animate	TRUE	direct_object	bank	source	inanimate	FALSE	NA	NA	NA	8	6
268	No one told you to go	rob	the blockbuster.	Tak ada yang menyuruhmu merampok blockbuster.	NA	merampok	TARGET-OBJ	TARGET-OBJ	verb	AV	AV	declarative	FALSE	TRUE	AV_gr_subj_in_SubCl	you	animate	TRUE	direct_object	blockbuster	source	inanimate	FALSE	NA	NA	NA	TRUE	AV_gr_subj_in_SubCl	-mu	animate	TRUE	direct_object	blockbuster	source	inanimate	FALSE	NA	NA	NA	9	6
271	You're planning to	rob	the casino, Jack.	Kamu berencana merampok kasino ini, Jack.	NA	merampok	TARGET-OBJ	TARGET-OBJ	verb	AV	AV	declarative	FALSE	TRUE	AV_gr_subj	you	animate	TRUE	direct_object	casino	source	inanimate	FALSE	NA	NA	NA	TRUE	AV_gr_subj	kamu	animate	TRUE	direct_object	kasino	source	inanimate	FALSE	NA	NA	NA	8	6
273	Or I'll go down the street and	rob	the goddamned pharmacy.	Atau aku akan pergi ke jalanan dan merampok apotek.	NA	merampok	TARGET-OBJ	TARGET-OBJ	verb	AV	AV	declarative	TRUE	TRUE	AV_gr_subj	I	animate	TRUE	direct_object	pharmacy	source	inanimate	FALSE	NA	NA	NA	TRUE	AV_gr_subj	aku	animate	TRUE	direct_object	apotek	source	inanimate	FALSE	NA	NA	NA	12	9
275	General Eiling, why were you trying to	rob	the gold reserve?	Jendral Eiling, mengapa kau merampok Gold Reserve?	NA	merampok	TARGET-OBJ	TARGET-OBJ	verb	AV	AV	interrogative	FALSE	TRUE	AV_gr_subj	you	animate	TRUE	direct_object	gold reserve	source	inanimate	FALSE	NA	NA	NA	TRUE	AV_gr_subj	kau	animate	TRUE	direct_object	Gold Reserve	source	inanimate	FALSE	NA	NA	NA	11	7
278	These guys are trying to	rob	the place.	Orang-orang berusaha untuk merampok tempat .	NA	merampok	TARGET-OBJ	TARGET-OBJ	verb	AV	AV	declarative	FALSE	TRUE	AV_gr_subj	guys	animate	TRUE	direct_object	place	source	inanimate	FALSE	NA	NA	NA	TRUE	AV_gr_subj	orang	animate	TRUE	direct_object	tempat	source	inanimate	FALSE	NA	NA	NA	8	5
279	"""""""- Don't"""	rob	the place. - Yeah.	Jangan rampok tempat itu./ Ya.	NA	rampok	TARGET-OBJ	TARGET-OBJ	verb	AV	AV	imperative	FALSE	FALSE	NA	NA	NA	TRUE	direct_object	place	source	inanimate	FALSE	NA	NA	NA	FALSE	NA	NA	NA	TRUE	direct_object	tempat	source	inanimate	FALSE	NA	NA	NA	6	5
280	They proceed to the circus owner's trailer, where they	rob	the safe of its contents.	Mereka melanjutkan ke pemilik sirkus Trailer, di mana mereka merampok aman isinya.	NA	merampok	TARGET-OBJ	TARGET-OBJ	verb	AV	AV	declarative	TRUE	TRUE	AV_gr_subj	they	animate	TRUE	direct_object	safe	source	inanimate	TRUE	content	inanimate	PP_complement	TRUE	AV_gr_subj	mereka	animate	FALSE	NA	NA	NA	NA	TRUE	isi	inanimate	direct_object	16	12
288	Well, if you're not going to	rob	us, might as well do the name thing.	Jika kau tak akan merampok kami, mungkin kau bisa melakukan hal yang sama.	NA	merampok	TARGET-OBJ	TARGET-OBJ	verb	AV	AV	declarative	TRUE	TRUE	AV_gr_subj	you	animate	TRUE	direct_object	us	victim	animate	FALSE	NA	NA	NA	TRUE	AV_gr_subj	kau	animate	TRUE	direct_object	kami	victim	animate	FALSE	NA	NA	NA	16	13
292	They don't have the balls to	rob	us.	Mereka tidak punya nyali untuk merampok kita.	NA	merampok	TARGET-OBJ	TARGET-OBJ	verb	AV	AV	declarative	FALSE	TRUE	AV_gr_subj	they	animate	TRUE	direct_object	us	victim	animate	FALSE	NA	NA	NA	TRUE	AV_gr_subj	mereka	animate	TRUE	direct_object	kita	victim	animate	FALSE	NA	NA	NA	9	7
294	They'll	rob	you in your sleep.	Mereka akan merampok mu disaat kau tidur.	NA	merampok	TARGET-OBJ	TARGET-OBJ	verb	AV	AV	declarative	TRUE	TRUE	AV_gr_subj	they	animate	TRUE	direct_object	you	victim	animate	FALSE	NA	NA	NA	TRUE	AV_gr_subj	mereka	animate	TRUE	encliticised_direct_object	-mu	victim	animate	FALSE	NA	NA	NA	7	7
295	And worse, the paralyzing vapor of her brother Alec who could	rob	you of sight, sound and touch.	Dan yang terburuk, kekuatan melumpuhkan Saudaranya, Alec..,.. Yang bisa merebut penglihatan, Pendengaran dan indera perabamu.	NA	merebut	TARGET-OBJ	TARGET-OBJ	verb	AV	AV	declarative	TRUE	TRUE	AV_gr_subj_in_RelCl	Alec	animate	TRUE	direct_object	you	victim	animate	TRUE	sight_sound_touch	inanimate	PP_complement	TRUE	AV_gr_subj_in_RelCl	Alec	animate	TRUE	possessive_determiner	-mu	victim	animate	TRUE	penglihatan_pendengaran_indera peraba	inanimate	direct_object	18	15
296	We're not here to	rob	you.	Kami di sini bukan untuk merampokmu..	NA	merampok	TARGET-OBJ	TARGET-OBJ	verb	AV	AV	declarative	FALSE	TRUE	AV_gr_subj	we	animate	TRUE	direct_object	you	victim	animate	FALSE	NA	NA	NA	TRUE	AV_gr_subj	kami	animate	TRUE	encliticised_direct_object	-mu	victim	animate	FALSE	NA	NA	NA	7	6
297	"""""""I have loved you, I didn't"""	rob	"""you."""""""	Aku telah mencintaimu, aku tidak merampasmu.	NA	merampas	TARGET-OBJ	TARGET-OBJ	verb	AV	AV	declarative	TRUE	TRUE	AV_gr_subj	I	animate	TRUE	direct_object	you	victim	animate	FALSE	NA	NA	NA	TRUE	AV_gr_subj	aku	animate	TRUE	encliticised_direct_object	-mu	victim	animate	FALSE	NA	NA	NA	9	6
300	We're here to	rob	your goddamn bank.	Kami di sini untuk merampok Anda sialan bank.	NA	merampok	TARGET-OBJ	TARGET-OBJ	verb	AV	AV	declarative	FALSE	TRUE	AV_gr_subj	we	animate	TRUE	direct_object	bank	source	inanimate	FALSE	NA	NA	NA	TRUE	AV_gr_subj	kami	animate	TRUE	direct_object	bank	source	inanimate	FALSE	NA	NA	NA	8	8